Won_Championship_Prediction,ID
0,1
0,5
1,6
1,7
1,9
1,11
1,14
0,26
0,39
1,56
1,61
1,68
1,72
1,74
1,75
1,77
1,78
1,83
1,84
1,86
1,89
1,91
1,99
1,104
1,106
1,107
1,108
1,110
1,113
1,114
1,119
1,122
1,123
0,126
0,132
1,135
1,139
1,140
1,142
1,143
1,144
1,145
1,149
1,150
1,151
1,152
1,153
1,154
0,156
0,157
0,158
0,162
0,163
0,164
0,171
0,172
0,174
1,180
1,182
1,186
1,190
0,193
0,197
0,200
0,207
0,210
0,212
0,213
0,215
0,216
0,220
0,223
0,225
0,226
0,229
0,234
1,236
0,239
0,240
0,244
0,245
0,248
0,250
1,254
1,255
1,256
1,263
1,264
1,265
1,266
1,267
1,270
0,271
0,272
0,273
0,274
0,275
0,277
0,280
0,281
1,282
0,284
1,286
1,288
0,293
1,295
1,296
1,299
1,301
1,305
1,309
1,310
1,311
1,315
0,320
1,323
1,329
1,332
1,334
1,335
1,336
1,338
1,339
1,340
1,341
1,342
1,345
1,346
1,347
1,348
1,352
1,355
1,358
1,360
1,361
1,366
1,367
0,370
0,374
0,375
0,377
0,379
0,381
0,383
0,386
0,387
1,389
0,393
0,394
1,397
0,400
1,408
1,409
1,410
0,418
0,425
0,430
0,434
1,438
1,439
1,440
1,441
1,446
1,452
1,456
1,461
1,462
1,465
1,468
1,473
1,474
1,477
1,478
1,480
1,482
1,484
1,486
1,487
1,488
1,489
1,493
1,496
1,497
1,498
0,499
0,504
0,506
0,510
0,511
0,513
0,516
1,527
1,529
1,530
0,532
0,537
0,542
0,547
1,548
1,549
1,555
1,557
1,558
0,563
1,565
0,568
1,574
1,580
1,582
1,583
1,589
1,591
1,592
1,595
1,596
0,600
1,605
1,606
1,607
1,609
1,612
1,613
1,617
0,620
0,622
1,624
1,627
1,628
1,630
1,631
1,632
1,633
1,635
1,636
1,637
1,638
1,639
1,641
1,642
1,644
1,647
0,648
1,659
1,660
1,663
1,666
0,668
0,670
1,677
1,681
0,682
0,684
0,685
1,689
1,694
1,695
1,697
1,699
1,706
1,707
0,713
0,714
0,716
1,727
0,729
1,732
0,735
0,736
0,739
0,740
0,741
0,745
0,748
0,753
1,756
1,759
1,760
0,765
0,767
1,770
1,771
1,774
1,779
1,780
0,782
1,788
1,790
1,795
0,796
0,798
0,802
1,804
1,805
1,806
1,809
1,812
0,816
1,822
1,823
1,825
0,827
0,829
0,832
0,837
1,842
1,843
1,844
0,846
0,848
0,849
0,852
0,853
0,857
0,861
0,862
1,865
1,866
1,870
0,875
0,876
1,877
1,878
1,879
1,881
1,882
1,887
0,890
0,891
1,897
1,898
1,901
1,903
1,906
1,908
0,909
0,911
0,913
1,916
1,917
0,920
0,924
1,928
0,929
0,933
0,938
1,947
1,948
1,949
1,950
1,951
1,952
1,953
1,954
1,955
1,956
1,961
1,968
1,969
1,970
1,977
1,982
0,993
0,994
0,998
1,1001
0,1002
1,1007
1,1011
1,1013
1,1016
1,1017
1,1018
0,1024
0,1027
0,1030
0,1034
0,1036
0,1037
0,1041
1,1044
1,1046
1,1047
1,1048
0,1049
0,1052
0,1059
0,1061
0,1063
0,1065
1,1071
0,1078
0,1080
0,1083
0,1085
0,1091
0,1092
0,1097
1,1100
1,1103
1,1104
1,1105
1,1106
1,1110
1,1115
1,1118
1,1119
0,1121
0,1123
1,1127
1,1128
1,1130
1,1132
1,1134
1,1135
0,1141
0,1144
1,1148
1,1150
0,1151
0,1157
0,1165
0,1167
0,1170
0,1171
1,1177
0,1181
0,1183
1,1189
1,1193
1,1197
1,1200
1,1205
1,1206
1,1208
1,1215
1,1217
1,1218
1,1220
1,1223
1,1224
1,1225
1,1226
1,1229
0,1232
0,1240
0,1242
0,1244
0,1246
1,1252
1,1253
1,1254
1,1255
1,1256
1,1260
1,1261
0,1264
0,1266
1,1268
1,1271
1,1275
1,1276
1,1280
1,1281
1,1282
1,1288
1,1289
1,1290
1,1294
0,1304
1,1306
0,1309
0,1311
0,1315
0,1316
0,1321
0,1322
1,1332
0,1336
1,1342
1,1345
1,1347
1,1350
1,1351
1,1354
1,1355
1,1356
1,1357
0,1359
0,1361
0,1363
0,1365
0,1369
0,1370
0,1371
0,1373
0,1376
0,1378
1,1379
0,1380
0,1382
0,1384
1,1391
1,1393
0,1394
0,1398
0,1399
0,1400
0,1401
0,1404
0,1405
1,1410
1,1414
1,1418
1,1419
0,1421
0,1431
0,1437
1,1453
0,1460
0,1464
1,1469
1,1471
0,1473
0,1475
0,1479
0,1483
1,1489
1,1493
1,1498
1,1502
0,1504
0,1508
0,1511
0,1513
1,1518
1,1520
1,1526
1,1529
0,1539
0,1543
0,1546
1,1548
1,1550
1,1552
1,1560
0,1563
1,1571
1,1572
1,1573
1,1577
1,1578
1,1581
1,1583
1,1587
1,1588
1,1589
1,1590
0,1592
0,1594
1,1596
0,1600
1,1601
1,1602
1,1604
1,1605
1,1607
1,1608
1,1610
1,1617
0,1632
1,1634
1,1641
1,1642
0,1643
0,1644
1,1648
1,1658
1,1659
0,1663
0,1664
0,1667
0,1668
0,1669
0,1673
0,1674
0,1676
1,1680
1,1682
1,1686
1,1687
1,1694
1,1696
1,1698
0,1706
0,1707
1,1708
1,1710
1,1711
1,1712
1,1717
1,1718
1,1720
1,1722
1,1733
1,1734
1,1739
1,1742
1,1747
1,1748
1,1751
1,1752
1,1753
1,1759
1,1766
1,1768
1,1770
0,1775
0,1777
1,1778
1,1779
1,1780
1,1781
1,1782
1,1786
1,1788
0,1795
0,1796
0,1798
1,1799
1,1804
1,1806
0,1811
0,1812
0,1823
1,1824
0,1829
0,1838
1,1839
0,1840
1,1847
0,1848
0,1849
1,1858
1,1861
1,1863
1,1864
1,1865
1,1866
1,1867
1,1868
1,1872
0,1874
1,1876
0,1880
0,1883
0,1890
0,1891
1,1892
1,1897
1,1898
1,1899
1,1900
0,1908
0,1909
0,1914
1,1916
1,1920
1,1921
1,1922
0,1937
0,1938
1,1939
0,1942
1,1951
0,1958
0,1961
1,1962
1,1964
1,1965
0,1974
0,1984
0,1988
0,1991
0,1992
0,1993
0,1994
0,1996
0,2001
0,2002
0,2007
0,2008
0,2013
1,2016
1,2030
0,2033
0,2035
0,2036
0,2038
0,2041
0,2050
0,2052
0,2053
0,2062
1,2063
1,2064
0,2068
0,2072
0,2074
0,2076
0,2077
0,2078
0,2079
0,2081
0,2082
0,2086
1,2091
1,2095
0,2104
1,2110
0,2112
0,2113
0,2114
0,2121
0,2123
0,2126
0,2127
0,2130
1,2135
1,2138
1,2142
1,2144
1,2146
1,2147
0,2149
0,2151
0,2152
0,2155
0,2158
0,2166
0,2167
0,2174
0,2175
0,2178
0,2179
0,2185
0,2186
0,2187
0,2189
0,2193
1,2197
1,2199
0,2203
0,2204
0,2205
0,2207
1,2210
1,2215
1,2216
1,2217
1,2218
0,2221
0,2225
1,2228
1,2231
1,2233
0,2236
0,2237
0,2241
1,2253
1,2254
0,2261
1,2263
1,2264
1,2265
0,2268
0,2270
0,2272
0,2273
0,2276
0,2278
0,2279
0,2282
0,2284
0,2286
0,2287
0,2292
0,2296
0,2297
1,2298
1,2302
1,2303
1,2304
1,2309
1,2310
0,2314
0,2316
0,2320
1,2327
1,2328
1,2332
1,2334
1,2335
1,2339
1,2340
0,2341
0,2349
0,2353
1,2355
0,2357
1,2359
0,2364
1,2366
0,2373
0,2374
1,2381
1,2382
1,2383
0,2390
1,2391
1,2392
1,2401
0,2403
0,2408
0,2409
0,2410
1,2412
1,2415
1,2416
0,2423
0,2426
1,2431
1,2432
1,2434
1,2437
1,2438
1,2439
1,2440
1,2441
1,2445
1,2450
1,2452
0,2455
1,2460
1,2462
1,2463
1,2467
1,2472
0,2480
1,2486
1,2487
1,2488
1,2492
1,2493
1,2503
1,2505
0,2509
1,2512
1,2513
0,2516
1,2517
1,2519
1,2520
0,2521
0,2523
0,2525
0,2526
0,2528
1,2530
1,2533
1,2535
1,2539
1,2540
0,2541
1,2545
0,2546
0,2552
0,2554
0,2555
0,2557
0,2566
0,2568
0,2571
1,2575
0,2580
0,2582
0,2584
0,2590
0,2593
0,2594
0,2598
1,2600
0,2603
1,2607
1,2613
1,2617
1,2618
1,2620
1,2623
1,2630
0,2631
0,2637
0,2638
1,2642
1,2648
1,2649
1,2660
1,2663
1,2665
1,2666
1,2668
1,2669
1,2672
1,2675
1,2676
1,2678
1,2686
0,2690
0,2691
0,2692
0,2697
1,2707
1,2709
1,2711
0,2718
1,2722
1,2726
1,2727
1,2728
0,2729
0,2730
0,2733
0,2736
0,2737
1,2739
1,2741
1,2747
1,2751
1,2753
0,2754
0,2764
0,2774
0,2775
1,2778
1,2779
1,2781
1,2782
0,2784
0,2785
1,2787
0,2790
0,2798
0,2802
0,2803
1,2805
1,2808
1,2814
1,2816
1,2818
1,2820
1,2822
1,2826
1,2829
1,2831
0,2832
1,2833
1,2834
0,2835
0,2838
0,2845
0,2846
0,2849
0,2851
1,2853
1,2854
1,2855
1,2858
1,2860
1,2862
0,2863
1,2866
1,2867
1,2870
1,2872
0,2875
0,2876
0,2883
1,2888
1,2889
1,2895
1,2901
1,2904
1,2905
1,2907
1,2908
1,2912
1,2913
0,2916
0,2917
0,2920
0,2922
0,2923
0,2929
0,2934
0,2935
0,2940
1,2949
1,2951
1,2954
1,2957
0,2963
0,2965
1,2972
1,2976
1,2978
0,2982
0,2983
0,2984
1,2987
1,2988
1,2990
1,2992
1,2998
0,2999
0,3000
1,3008
1,3010
1,3015
0,3022
0,3024
1,3027
1,3028
1,3032
0,3040
0,3042
0,3046
1,3048
1,3049
1,3050
1,3051
0,3052
0,3054
0,3057
0,3064
0,3066
0,3068
0,3071
0,3076
0,3077
0,3089
1,3091
1,3092
1,3094
1,3097
1,3099
1,3100
1,3103
1,3104
0,3105
0,3106
1,3109
1,3110
1,3112
1,3113
1,3115
1,3117
1,3119
0,3124
0,3125
1,3127
1,3129
1,3134
1,3138
1,3141
1,3142
1,3143
0,3147
0,3148
0,3149
0,3153
0,3154
0,3156
0,3157
1,3160
1,3161
0,3165
0,3168
1,3171
1,3172
1,3177
1,3179
1,3180
1,3181
0,3182
0,3184
0,3189
0,3191
1,3194
1,3195
1,3197
1,3201
0,3202
0,3203
0,3207
0,3209
0,3214
0,3217
0,3218
0,3221
0,3225
0,3227
0,3229
0,3230
0,3231
0,3233
0,3235
1,3237
1,3241
1,3249
1,3253
0,3254
0,3259
0,3261
0,3264
1,3271
1,3274
1,3275
1,3276
1,3277
1,3278
1,3279
1,3280
1,3281
1,3284
1,3286
1,3290
1,3293
1,3296
1,3297
1,3298
1,3300
1,3302
1,3304
1,3305
1,3308
1,3312
1,3314
1,3316
1,3318
1,3320
1,3321
1,3323
1,3324
1,3325
1,3327
1,3330
1,3333
1,3334
0,3335
0,3336
1,3339
1,3343
1,3344
0,3346
1,3358
0,3360
0,3365
0,3366
0,3370
1,3374
1,3378
1,3384
0,3389
0,3390
1,3392
1,3393
0,3398
0,3399
0,3402
0,3403
0,3404
0,3406
1,3407
1,3410
1,3418
0,3423
0,3424
0,3428
1,3430
1,3433
1,3436
1,3437
1,3439
1,3445
1,3446
1,3448
1,3449
1,3450
1,3451
1,3452
1,3454
1,3455
1,3457
1,3460
1,3463
1,3464
0,3466
1,3467
0,3472
1,3475
0,3479
1,3482
1,3484
1,3495
1,3496
1,3501
1,3502
1,3503
0,3511
0,3512
0,3518
0,3519
0,3523
0,3526
0,3527
0,3528
0,3533
0,3534
0,3535
0,3536
1,3537
0,3543
0,3546
0,3549
0,3550
1,3557
1,3559
1,3561
1,3569
0,3574
1,3575
0,3578
0,3584
0,3588
0,3592
1,3597
1,3599
1,3603
1,3609
1,3610
1,3611
1,3616
1,3617
1,3620
0,3623
0,3625
0,3626
0,3628
0,3630
1,3632
1,3633
0,3638
0,3639
0,3640
1,3651
1,3652
1,3653
0,3656
0,3657
0,3661
0,3663
1,3672
1,3675
0,3679
0,3680
1,3688
1,3690
1,3693
1,3695
1,3696
1,3697
0,3705
0,3706
0,3711
0,3712
0,3713
0,3720
0,3735
0,3736
0,3741
1,3743
0,3753
0,3755
0,3758
0,3762
1,3766
0,3768
0,3774
1,3778
0,3780
0,3782
0,3784
0,3785
0,3789
0,3794
1,3807
1,3813
1,3826
1,3829
0,3830
1,3833
0,3836
0,3837
0,3841
1,3843
1,3851
1,3855
1,3856
1,3866
1,3873
1,3876
1,3878
1,3879
1,3885
0,3889
0,3892
1,3893
1,3895
1,3897
1,3900
1,3902
1,3904
1,3905
1,3907
1,3908
1,3909
1,3919
1,3921
0,3924
0,3926
0,3927
0,3932
1,3934
1,3940
1,3941
1,3942
1,3945
1,3946
1,3951
1,3953
1,3955
1,3959
1,3960
1,3961
1,3962
0,3964
0,3969
0,3970
0,3971
0,3972
0,3973
0,3977
0,3978
0,3981
0,3985
0,3988
0,3989
0,3992
1,3997
1,3998
1,4002
1,4023
0,4025
1,4026
1,4027
1,4033
1,4036
1,4038
1,4040
0,4044
0,4046
1,4048
1,4049
0,4051
1,4052
1,4054
1,4055
1,4057
0,4059
0,4060
0,4062
1,4067
1,4075
0,4077
0,4085
1,4088
1,4092
1,4094
1,4095
1,4100
1,4101
1,4104
1,4105
0,4106
0,4107
0,4109
0,4110
0,4116
0,4117
0,4119
0,4122
0,4124
0,4126
0,4132
0,4134
0,4135
0,4136
1,4138
1,4139
1,4140
1,4141
1,4145
0,4147
1,4151
1,4154
0,4161
1,4162
1,4163
1,4174
1,4177
0,4178
0,4180
0,4183
0,4189
0,4190
0,4192
1,4195
1,4198
1,4200
1,4201
0,4204
0,4206
0,4207
1,4215
0,4221
0,4222
1,4224
0,4233
0,4235
1,4238
1,4239
1,4241
0,4245
0,4251
0,4252
0,4253
0,4254
1,4257
1,4258
1,4259
1,4260
0,4270
1,4272
1,4276
1,4277
1,4278
1,4279
1,4281
1,4282
1,4286
1,4287
1,4289
1,4291
1,4306
0,4308
0,4309
1,4310
1,4317
1,4319
1,4320
1,4324
0,4329
0,4335
0,4336
0,4338
0,4346
1,4351
0,4355
0,4358
1,4361
1,4362
0,4373
0,4379
0,4381
0,4382
0,4386
0,4389
0,4390
0,4392
0,4394
0,4395
0,4397
0,4400
1,4402
1,4403
1,4407
1,4409
1,4411
0,4420
0,4423
0,4426
1,4427
1,4432
1,4434
1,4435
0,4436
0,4440
0,4441
0,4444
0,4447
1,4452
1,4457
1,4461
1,4464
1,4465
1,4467
1,4468
1,4472
1,4473
1,4477
1,4481
1,4485
1,4486
1,4489
1,4492
0,4497
1,4501
0,4505
0,4507
0,4509
0,4510
0,4515
0,4516
0,4519
0,4521
1,4523
1,4529
1,4530
1,4531
1,4532
0,4537
0,4540
1,4543
1,4544
1,4547
1,4548
1,4549
1,4551
1,4554
0,4556
1,4558
1,4559
1,4566
1,4567
1,4572
1,4573
1,4574
1,4575
1,4576
1,4577
1,4579
1,4582
1,4584
1,4587
0,4593
0,4596
0,4598
0,4603
0,4605
0,4606
0,4608
1,4612
1,4624
1,4625
0,4628
0,4632
0,4634
0,4636
0,4638
0,4640
0,4642
0,4644
0,4647
0,4650
0,4651
0,4652
1,4655
1,4656
1,4657
1,4658
1,4659
0,4661
0,4662
0,4672
0,4674
0,4677
0,4678
0,4680
0,4682
0,4683
1,4686
1,4687
1,4690
0,4695
0,4699
1,4704
1,4708
1,4711
1,4712
1,4714
1,4715
1,4720
1,4722
0,4725
0,4726
0,4729
0,4730
0,4731
0,4732
0,4734
0,4738
1,4744
0,4747
0,4748
0,4749
0,4750
0,4754
0,4755
0,4758
0,4761
1,4762
1,4765
1,4766
1,4768
0,4770
0,4776
1,4778
1,4781
1,4790
0,4792
0,4797
0,4798
0,4799
0,4805
0,4806
0,4808
0,4809
0,4810
0,4814
0,4816
1,4818
1,4820
1,4827
0,4830
0,4835
0,4838
0,4840
0,4845
0,4847
0,4848
0,4861
0,4865
1,4867
1,4872
1,4875
0,4882
0,4884
0,4885
0,4891
0,4898
0,4899
0,4902
0,4904
0,4908
0,4911
0,4912
0,4915
0,4916
0,4917
0,4918
0,4920
0,4921
0,4924
1,4931
1,4933
1,4934
1,4940
1,4942
1,4943
1,4946
1,4948
0,4949
0,4950
0,4954
0,4958
0,4961
0,4962
0,4965
0,4968
0,4972
0,4973
1,4976
1,4978
1,4980
1,4986
1,4987
0,4989
0,4991
0,4995
1,4997
1,4998
1,4999
0,5006
1,5007
0,5008
0,5011
0,5012
0,5015
0,5016
0,5018
0,5020
0,5021
0,5023
0,5024
0,5026
0,5030
0,5031
0,5032
0,5033
0,5034
1,5035
1,5039
1,5041
1,5043
1,5046
1,5049
0,5050
0,5051
0,5052
1,5053
1,5057
1,5061
1,5062
1,5063
1,5064
1,5067
1,5068
1,5071
1,5075
1,5078
1,5080
0,5082
1,5085
1,5089
0,5091
0,5093
0,5095
0,5097
0,5098
0,5100
1,5103
0,5105
1,5106
1,5107
1,5108
0,5117
0,5121
1,5126
1,5132
1,5133
1,5137
1,5138
1,5140
0,5157
0,5158
0,5163
0,5165
0,5167
0,5168
1,5174
1,5175
1,5178
1,5179
1,5181
1,5187
1,5189
0,5190
1,5193
1,5196
1,5198
1,5200
1,5201
1,5204
1,5206
1,5208
1,5212
1,5214
0,5217
0,5219
0,5220
0,5224
0,5228
0,5238
0,5239
1,5241
1,5242
1,5244
1,5247
1,5249
1,5250
1,5253
1,5254
0,5258
0,5270
0,5274
0,5277
0,5278
0,5282
0,5284
1,5287
1,5290
1,5291
1,5293
0,5299
0,5300
0,5303
0,5304
0,5307
1,5311
0,5314
0,5316
0,5318
1,5325
0,5326
1,5327
1,5329
1,5334
0,5340
1,5341
1,5344
1,5346
1,5347
1,5349
1,5353
1,5355
1,5356
1,5357
1,5359
1,5365
1,5366
1,5368
1,5369
1,5370
1,5371
1,5374
1,5378
0,5381
1,5384
0,5387
1,5388
1,5390
1,5391
1,5392
1,5393
1,5394
1,5397
1,5398
1,5404
1,5405
1,5407
1,5408
1,5409
1,5410
1,5415
1,5416
1,5417
1,5418
1,5420
0,5424
1,5427
1,5428
1,5430
0,5433
0,5436
0,5438
0,5440
1,5442
1,5445
0,5457
0,5458
0,5459
1,5460
1,5463
1,5465
0,5470
1,5475
1,5477
1,5478
1,5480
1,5481
0,5483
0,5491
0,5492
0,5493
0,5494
0,5495
0,5497
0,5498
0,5499
1,5501
1,5504
1,5510
0,5513
0,5517
0,5519
1,5522
0,5526
1,5534
0,5537
0,5539
0,5541
0,5544
0,5545
0,5546
0,5548
0,5550
0,5553
1,5555
0,5558
0,5562
0,5563
0,5564
0,5565
0,5566
0,5569
1,5572
0,5575
0,5578
1,5582
1,5584
1,5586
1,5588
1,5594
1,5596
1,5600
1,5602
0,5607
0,5608
0,5615
0,5617
1,5623
1,5624
1,5625
0,5627
0,5628
0,5632
0,5633
0,5636
0,5637
0,5640
0,5642
0,5643
0,5644
0,5645
0,5647
0,5650
1,5651
1,5656
1,5657
1,5659
1,5661
1,5664
1,5665
0,5666
0,5671
1,5674
1,5675
1,5677
1,5678
0,5683
1,5684
0,5690
0,5693
0,5694
1,5698
0,5701
1,5703
1,5704
1,5709
1,5717
1,5721
0,5725
0,5727
0,5739
0,5741
0,5742
0,5745
0,5746
1,5750
1,5753
1,5754
0,5757
0,5758
0,5763
0,5764
1,5767
1,5770
1,5772
0,5775
0,5776
0,5777
0,5779
0,5782
0,5784
0,5788
0,5789
1,5790
1,5793
1,5794
1,5797
1,5799
1,5800
1,5803
1,5804
1,5814
0,5816
1,5819
1,5822
1,5828
1,5832
1,5836
1,5839
1,5840
1,5842
1,5846
1,5848
1,5849
1,5850
1,5853
0,5856
0,5860
0,5862
0,5864
0,5866
0,5868
0,5870
0,5872
0,5875
0,5877
0,5878
0,5880
0,5881
0,5885
0,5886
0,5891
0,5895
0,5897
0,5911
1,5914
1,5915
0,5925
1,5928
1,5932
0,5936
0,5938
1,5939
1,5942
1,5946
1,5951
1,5956
1,5957
1,5959
1,5960
1,5962
1,5966
1,5969
1,5970
1,5972
0,5974
0,5976
0,5977
0,5983
0,5985
1,5986
1,5987
1,5992
1,5997
1,5998
1,5999
1,6000
1,6001
1,6003
1,6004
1,6006
1,6008
0,6010
0,6011
0,6013
0,6016
0,6020
1,6023
1,6024
1,6029
0,6033
1,6039
0,6040
0,6048
0,6049
0,6053
0,6054
0,6058
0,6061
0,6064
0,6065
1,6068
1,6071
1,6075
1,6079
1,6080
0,6081
0,6084
1,6085
0,6088
0,6089
0,6090
0,6091
0,6094
1,6097
0,6101
0,6102
0,6109
1,6116
1,6120
1,6121
1,6127
1,6129
0,6131
1,6137
0,6139
1,6140
0,6146
0,6147
0,6152
0,6153
0,6154
0,6155
0,6158
0,6161
1,6162
1,6163
1,6166
0,6170
0,6173
1,6176
1,6177
1,6180
0,6181
0,6184
0,6186
0,6187
1,6191
0,6197
0,6198
1,6200
1,6204
1,6205
1,6209
1,6210
1,6213
1,6216
1,6221
1,6223
1,6226
1,6229
0,6233
0,6234
0,6236
0,6241
0,6242
0,6245
0,6247
0,6250
0,6252
0,6253
0,6256
0,6257
0,6258
1,6264
1,6265
0,6269
0,6272
0,6274
0,6275
1,6278
1,6279
1,6281
1,6287
0,6288
0,6289
0,6290
1,6301
1,6303
1,6307
0,6310
1,6314
0,6316
1,6319
1,6321
1,6322
1,6323
1,6325
1,6328
1,6330
1,6331
1,6340
1,6341
1,6342
1,6343
0,6347
1,6350
1,6352
1,6353
1,6354
1,6358
1,6359
0,6360
0,6367
0,6369
0,6370
0,6371
0,6372
0,6373
0,6378
1,6384
1,6385
1,6387
0,6391
0,6397
1,6399
1,6400
1,6402
1,6403
1,6404
1,6408
0,6416
0,6417
1,6419
0,6420
0,6421
0,6428
0,6431
0,6432
0,6434
0,6435
0,6438
0,6443
0,6444
0,6446
1,6450
1,6452
1,6457
1,6458
1,6460
1,6462
1,6466
1,6467
1,6475
1,6479
1,6480
0,6484
0,6487
0,6493
0,6494
0,6495
0,6496
1,6501
1,6505
0,6506
1,6512
0,6515
0,6516
0,6517
1,6523
1,6525
1,6529
0,6530
0,6531
0,6532
0,6536
0,6538
0,6541
0,6546
0,6547
0,6548
0,6563
0,6565
0,6567
1,6573
1,6575
1,6577
1,6580
1,6582
0,6589
1,6592
1,6595
1,6597
0,6600
0,6608
0,6609
1,6610
0,6615
0,6617
1,6618
0,6619
0,6622
0,6623
0,6625
0,6626
0,6629
1,6630
1,6632
1,6634
1,6637
1,6639
1,6642
0,6644
1,6645
1,6646
1,6647
1,6648
1,6649
0,6650
1,6655
0,6657
1,6666
1,6668
1,6672
1,6676
1,6678
1,6679
1,6680
1,6682
1,6686
1,6687
1,6690
0,6691
1,6694
1,6695
0,6700
1,6704
1,6708
1,6709
1,6710
1,6718
1,6720
1,6723
0,6724
0,6729
0,6730
1,6733
1,6740
1,6741
1,6748
0,6754
1,6760
1,6770
0,6774
0,6780
0,6784
0,6785
0,6786
0,6790
0,6791
0,6797
0,6799
0,6801
0,6802
0,6803
0,6805
0,6810
0,6815
0,6818
0,6819
0,6823
0,6837
0,6840
0,6848
0,6849
0,6855
1,6857
1,6858
1,6859
1,6860
1,6862
1,6866
1,6868
1,6870
0,6877
0,6878
1,6884
1,6885
1,6889
1,6892
1,6894
0,6895
0,6899
0,6900
1,6903
1,6911
1,6916
1,6920
1,6922
1,6923
1,6925
0,6927
0,6928
0,6931
0,6932
1,6940
1,6943
0,6946
0,6948
0,6950
0,6954
0,6957
0,6958
1,6962
1,6964
1,6969
1,6971
0,6974
0,6976
1,6978
1,6987
1,6988
1,6989
1,6994
1,6995
1,6999
0,7002
0,7006
0,7008
1,7010
1,7014
1,7016
0,7020
0,7022
0,7026
1,7032
1,7033
1,7037
1,7039
1,7040
1,7041
0,7044
1,7046
1,7048
0,7053
0,7057
0,7058
0,7060
0,7062
0,7067
0,7068
0,7071
0,7072
1,7077
1,7082
0,7084
0,7086
0,7087
0,7089
0,7092
1,7095
1,7096
1,7097
0,7104
0,7105
0,7107
1,7110
0,7114
1,7120
1,7121
1,7126
1,7128
1,7129
1,7136
1,7137
1,7144
1,7153
0,7159
0,7167
1,7172
1,7174
0,7177
0,7178
0,7180
0,7182
1,7183
0,7191
0,7193
0,7194
0,7195
1,7196
1,7201
1,7202
1,7203
1,7204
0,7205
0,7206
0,7207
0,7208
0,7213
0,7214
1,7220
0,7228
1,7235
0,7243
1,7252
0,7253
0,7261
0,7263
0,7265
0,7276
0,7281
0,7283
0,7285
0,7286
0,7289
1,7295
1,7296
1,7301
0,7304
0,7305
0,7307
0,7308
1,7310
1,7311
1,7315
0,7317
1,7324
0,7327
0,7333
1,7339
1,7347
0,7349
0,7355
0,7357
0,7358
0,7360
0,7361
0,7363
0,7365
0,7366
0,7367
0,7369
0,7373
1,7376
1,7379
0,7382
0,7383
0,7384
0,7391
1,7392
1,7396
1,7400
0,7402
0,7404
0,7408
0,7409
0,7410
1,7418
1,7421
1,7425
1,7426
1,7427
1,7428
1,7429
0,7432
0,7447
1,7454
1,7462
1,7463
0,7465
0,7468
0,7470
0,7473
0,7476
0,7483
0,7484
0,7488
1,7491
1,7494
1,7497
1,7498
0,7506
0,7507
0,7510
0,7511
0,7517
1,7520
1,7529
0,7531
0,7532
0,7534
0,7535
0,7537
1,7542
1,7545
0,7552
0,7554
1,7555
0,7557
1,7558
0,7567
0,7570
1,7573
0,7578
0,7579
0,7580
0,7583
0,7585
1,7586
1,7589
1,7592
1,7594
1,7596
1,7597
1,7600
1,7602
0,7603
0,7607
1,7612
1,7614
1,7615
1,7616
1,7617
1,7619
1,7622
0,7623
1,7626
1,7628
1,7629
1,7634
1,7635
0,7638
0,7640
0,7641
0,7646
0,7653
0,7656
0,7657
0,7661
0,7662
0,7664
1,7665
1,7666
0,7667
1,7671
1,7672
1,7674
1,7676
1,7677
0,7687
0,7690
0,7691
0,7692
1,7695
1,7696
1,7699
1,7701
0,7704
0,7708
0,7709
0,7711
0,7716
0,7717
0,7720
0,7721
0,7723
0,7727
1,7732
0,7736
0,7740
0,7741
1,7747
1,7748
1,7752
1,7755
1,7756
1,7757
1,7761
1,7763
1,7765
0,7770
0,7773
0,7775
0,7776
0,7781
0,7782
1,7784
1,7785
1,7791
1,7797
1,7798
1,7799
1,7800
1,7803
1,7809
1,7811
1,7813
1,7816
1,7817
1,7818
1,7819
0,7823
1,7824
1,7829
1,7830
0,7834
0,7837
0,7838
0,7847
0,7848
1,7850
1,7851
1,7852
1,7854
1,7862
0,7874
1,7878
1,7879
1,7880
0,7888
1,7889
1,7893
1,7895
1,7897
1,7898
1,7899
1,7902
1,7903
1,7904
1,7906
1,7907
1,7908
1,7910
1,7913
1,7915
0,7916
0,7917
0,7918
0,7920
0,7921
0,7924
0,7925
0,7926
1,7931
1,7932
1,7935
1,7936
1,7937
1,7939
0,7941
0,7946
0,7948
0,7950
0,7951
0,7953
0,7958
0,7959
0,7965
0,7970
0,7972
0,7978
1,7985
1,7988
1,7991
1,7993
0,7997
0,7998
0,8000
1,8003
1,8004
1,8005
1,8007
0,8008
0,8010
1,8011
1,8023
0,8025
0,8026
0,8027
1,8030
1,8031
1,8035
1,8041
1,8043
1,8044
0,8053
0,8056
0,8060
1,8066
1,8068
0,8070
0,8071
0,8072
0,8074
0,8078
0,8082
0,8085
1,8091
1,8092
1,8094
1,8095
1,8097
1,8099
1,8100
1,8107
1,8108
0,8109
0,8110
0,8112
0,8115
0,8116
0,8117
0,8118
0,8120
0,8124
1,8126
1,8136
1,8138
1,8143
1,8145
0,8153
0,8155
1,8163
1,8167
0,8172
0,8176
0,8177
1,8180
1,8188
1,8189
0,8191
1,8197
1,8202
1,8204
1,8205
1,8209
1,8210
1,8213
1,8214
1,8217
1,8219
1,8225
0,8228
1,8239
1,8241
0,8243
0,8247
0,8249
0,8250
0,8251
0,8253
0,8254
0,8255
0,8257
0,8258
0,8260
0,8262
1,8265
1,8270
1,8271
1,8275
1,8278
0,8279
0,8281
1,8285
0,8289
0,8290
0,8295
0,8296
0,8300
1,8303
1,8309
1,8310
1,8311
1,8312
1,8313
1,8315
1,8316
1,8317
1,8318
1,8319
1,8320
0,8322
0,8327
0,8334
0,8339
1,8341
0,8350
1,8352
1,8360
1,8363
1,8365
0,8367
0,8372
0,8374
1,8375
1,8383
0,8386
1,8393
0,8395
0,8397
0,8402
1,8404
0,8409
1,8411
1,8413
1,8414
1,8416
0,8425
0,8431
1,8435
0,8439
0,8440
0,8441
0,8442
0,8449
0,8451
0,8452
0,8454
0,8456
0,8457
0,8460
0,8463
0,8465
1,8468
1,8469
1,8470
1,8476
0,8482
0,8483
0,8484
0,8486
0,8496
0,8497
0,8500
0,8506
1,8509
0,8517
0,8518
1,8520
0,8526
0,8527
0,8530
0,8531
1,8534
1,8537
1,8540
1,8542
0,8545
0,8548
0,8549
0,8551
0,8554
1,8557
1,8559
1,8561
1,8563
0,8573
0,8576
0,8578
0,8580
0,8582
1,8586
1,8589
0,8594
0,8597
0,8604
0,8606
0,8607
1,8611
1,8615
1,8619
1,8621
1,8623
1,8624
1,8625
1,8626
1,8627
0,8634
1,8637
0,8640
0,8642
0,8644
0,8646
0,8647
0,8648
0,8651
0,8652
0,8654
0,8656
0,8658
0,8662
1,8666
0,8667
0,8672
0,8673
0,8675
1,8679
1,8680
1,8683
0,8687
1,8693
0,8696
1,8706
1,8708
1,8711
1,8712
1,8715
1,8716
1,8718
1,8719
0,8720
0,8722
0,8723
1,8732
1,8733
1,8734
0,8735
0,8737
0,8739
0,8740
0,8742
0,8743
0,8745
1,8749
1,8751
1,8752
0,8759
0,8761
0,8763
0,8766
0,8767
0,8768
0,8770
0,8775
0,8776
1,8787
1,8789
1,8790
1,8796
1,8797
1,8802
1,8808
1,8819
0,8820
0,8824
1,8826
0,8829
0,8830
0,8833
0,8835
0,8836
0,8838
1,8840
0,8842
1,8844
1,8848
1,8849
1,8850
1,8852
0,8853
1,8857
0,8860
1,8861
1,8864
1,8867
0,8874
1,8875
1,8876
0,8877
1,8880
1,8887
0,8890
1,8891
1,8892
0,8902
0,8905
0,8906
1,8911
1,8917
1,8922
1,8923
1,8924
1,8927
1,8931
1,8933
1,8934
0,8946
0,8949
0,8950
0,8953
0,8955
0,8956
0,8957
1,8958
1,8959
1,8968
1,8970
1,8973
1,8976
1,8977
1,8978
0,8980
1,8982
1,8992
1,8995
1,8997
1,8999
1,9008
1,9009
1,9010
1,9012
1,9015
1,9016
1,9017
1,9021
0,9024
0,9025
0,9028
0,9031
0,9032
1,9037
1,9038
0,9045
0,9051
0,9055
0,9058
0,9059
0,9061
0,9062
0,9064
0,9067
0,9069
1,9075
1,9078
1,9082
1,9084
1,9093
1,9095
0,9098
0,9099
1,9100
1,9102
0,9104
0,9106
1,9107
1,9108
1,9110
0,9112
1,9116
1,9119
1,9124
1,9125
1,9126
1,9128
1,9129
1,9131
1,9132
1,9134
0,9140
0,9146
0,9148
0,9152
1,9155
1,9156
1,9157
0,9162
0,9166
0,9167
0,9173
0,9174
0,9176
0,9178
0,9179
0,9180
0,9183
0,9188
1,9190
1,9192
1,9197
0,9200
1,9204
1,9208
1,9210
1,9212
1,9215
1,9219
0,9220
0,9221
0,9222
0,9223
0,9226
0,9227
0,9233
0,9235
0,9236
0,9239
0,9240
0,9243
1,9246
1,9247
1,9251
1,9252
1,9253
1,9257
1,9258
1,9260
1,9271
1,9272
1,9278
1,9280
0,9286
0,9290
0,9292
1,9293
1,9295
1,9296
1,9298
1,9301
1,9303
1,9305
0,9314
0,9315
1,9328
0,9329
0,9331
0,9333
1,9341
0,9343
0,9348
1,9349
1,9353
1,9361
1,9362
1,9364
1,9365
0,9372
0,9374
0,9384
0,9385
0,9391
0,9392
0,9395
0,9396
0,9397
0,9398
0,9404
0,9407
0,9408
0,9409
0,9410
0,9411
0,9413
0,9416
0,9417
0,9421
0,9422
0,9424
0,9425
0,9427
0,9432
0,9435
0,9437
0,9438
1,9441
1,9442
1,9450
1,9456
0,9457
0,9461
1,9470
0,9473
0,9475
0,9476
0,9480
0,9485
1,9487
1,9488
1,9489
1,9490
1,9495
0,9498
1,9499
1,9501
1,9505
0,9507
0,9514
0,9515
1,9516
1,9522
1,9529
1,9531
1,9533
1,9534
1,9537
0,9538
0,9539
0,9540
0,9542
0,9548
0,9550
0,9552
0,9554
1,9557
1,9558
1,9560
0,9561
0,9567
0,9568
0,9571
0,9572
0,9573
0,9574
0,9575
0,9581
0,9583
0,9594
0,9599
0,9600
0,9601
0,9602
0,9605
0,9606
0,9607
1,9608
1,9609
1,9614
1,9615
1,9617
0,9619
0,9621
1,9624
1,9633
1,9636
1,9638
0,9641
0,9645
0,9647
0,9648
0,9650
1,9655
0,9656
0,9658
0,9662
1,9664
1,9666
1,9671
1,9673
1,9675
1,9676
1,9677
1,9678
1,9683
1,9694
1,9695
0,9699
1,9703
1,9705
1,9710
1,9711
0,9713
0,9715
1,9727
1,9728
1,9729
1,9731
1,9732
1,9734
1,9737
1,9740
1,9741
1,9742
1,9745
1,9746
1,9747
1,9752
0,9753
0,9756
1,9760
1,9762
1,9763
1,9764
1,9767
1,9769
1,9770
1,9771
1,9772
1,9775
1,9776
1,9778
0,9782
1,9788
0,9793
0,9795
0,9796
0,9797
0,9798
0,9799
1,9802
1,9803
1,9804
1,9807
1,9811
1,9813
1,9816
1,9817
1,9818
1,9820
1,9821
1,9824
1,9825
1,9827
0,9829
0,9831
0,9832
0,9833
0,9836
1,9840
0,9842
0,9846
0,9847
0,9848
0,9849
0,9851
0,9854
1,9856
1,9858
1,9859
1,9863
1,9866
1,9867
1,9868
1,9869
1,9871
1,9873
1,9874
1,9875
1,9877
1,9878
1,9881
1,9888
1,9891
0,9895
1,9897
0,9903
0,9905
1,9907
1,9910
1,9911
1,9912
1,9913
1,9914
1,9916
0,9922
0,9923
0,9929
1,9930
1,9938
1,9940
0,9941
0,9942
0,9944
0,9951
1,9954
1,9958
1,9960
0,9969
0,9973
0,9974
1,9977
1,9979
0,9981
1,9988
1,9989
0,9996
0,9997
0,10000
